[
   {
	  "idRestaurant":0,
      "name":"Le Moderne",
      "address":"25 Boulevard Aristide Briand, 26200 Montélimar.",
	  "description":"Plats créatifs à base de produits du marché dans un bistrot au style 1950 aux couleurs pop, avec terrasse.",
      "lat":44.56078719853966,
      "lng":4.748899288616424,
      "ratings":[
         {
            "stars":4,
            "comment":"Un excellent restaurant, j'y reviendrai ! Par contre il vaut mieux aimer la viande."
         },
         {
            "stars":5,
            "comment":"Tout simplement mon restaurant préféré !"
         }
      ]
   },
   {
	  "idRestaurant":1,
      "name":"La Braise",
      "address":"13 Boulevard Aristide Briand, 26200 Montélimar.",
	  "description":"Pizzas au feu de bois, viandes ou poissons servis dans un décor moderne soigné avec terrasse ombragée.",
      "lat":44.561084,
      "lng":4.749765,
      "ratings":[
         {
            "stars":1,
            "comment":"Une minuscule pizzeria délicieuse cachée juste à côté du Sacré choeur !"
         },
         {
            "stars":3,
            "comment":"J'ai trouvé ça correct, sans plus"
         }
      ]
   },
   {
	  "idRestaurant":2,
      "name":"Mariés, 2 Chats",
      "address":"142 Rue Pierre Julien, 26200 Montélimar.",
	  "description":"Ce restaurant au cadre contemporain propose des grillades de viande et de poisson au feu de bois.",
      "lat":44.5607644,
      "lng":4.7525702,
      "ratings":[
         {
            "stars":4,
            "comment":"Un excellent restaurant, j'y reviendrai ! Par contre il vaut mieux aimer la viande."
         },
         {
            "stars":5,
            "comment":"Tout simplement mon restaurant préféré !"
         }
      ]
   },
   {
	  "idRestaurant":3,
      "name":"Saint Mart",
      "address":"Place Saint-Martin, 26200 Montélimar.",
	  "description":"",
      "lat":44.561525088404316,
      "lng":4.752145047191294,
      "ratings":[
         {
            "stars":4,
            "comment":"Un excellent restaurant, j'y reviendrai ! Par contre il vaut mieux aimer la viande."
         },
         {
            "stars":5,
            "comment":"Tout simplement mon restaurant préféré !"
         }
      ]
   },
   {
	  "idRestaurant":4,
      "name":"AUX 3 ELFES",
      "address":"4 Avenue du 45e Régiment de Transmissions, 26200 Montélimar.",
	  "description":"Intérieur moderne et lumineux aux tons chocolat et vaste terrasse, pour des plats de bistrot contemporains.",
      "lat":44.56182925335302,
      "lng":4.751661006733299,
      "ratings":[
         {
            "stars":4,
            "comment":"Un excellent restaurant, j'y reviendrai ! Par contre il vaut mieux aimer la viande."
         },
         {
            "stars":5,
            "comment":"Tout simplement mon restaurant préféré !"
         }
      ]
   },
   {
	  "idRestaurant":5,
      "name":"Mucho Mex",
      "address":"18 Rue Saint-Gaucher, 26200 Montélimar",
	  "description":"",
      "lat":44.55986457754991,
      "lng":4.749463896326889,
      "ratings":[
         {
            "stars":4,
            "comment":"Un excellent restaurant, j'y reviendrai ! Par contre il vaut mieux aimer la viande."
         },
         {
            "stars":5,
            "comment":"Tout simplement mon restaurant préféré !"
         }
      ]
   },
   {
	  "idRestaurant":6,
      "name":"La Trattoria Del Sole",
      "address":"23 Rue Saint-Gaucher, 26200 Montélimar",
	  "description":"",
      "lat":44.560105057431535,
      "lng":4.748665348167012,
      "ratings":[
         {
            "stars":3,
            "comment":"Un excellent restaurant, j'y reviendrai ! Par contre il vaut mieux aimer la viande."
         },
         {
            "stars":3,
            "comment":"Tout simplement mon restaurant préféré !"
         }
      ]
   }
   
	

]